<?xml version="1.0" encoding="UTF-8"?>
<Context>
    <!-- database configurations -->
    <Parameter name="JDBC.driver"   value="org.postgresql.Driver"/>
    <Parameter name="JDBC.url"      value="jdbc:postgresql://_SQL_HOST_:_SQL_PORT_/_SQL_BASE_"/>
    <Parameter name="JDBC.username" value="_SQL_USER_"/>
    <Parameter name="JDBC.password" value="_SQL_PASS_"/>

    <!-- This directory is used to as a base directory to store app data -->
    <Parameter name="base.directory" value="_BASE_DIRECTORY_"/>

    <!-- This directory is used to store uploaded app files, must be accessible for tomcat user -->
    <Parameter name="files.directory" value="_BASE_DIRECTORY_/files"/>

    <!-- URL used to open Headwind MDM control panel -->
    <Parameter name="base.url" value="_PROTOCOL_://_BASE_HOST__BASE_PATH_"/>

    <!-- private / shared; shared can be used only in Enterprise solution -->
    <Parameter name="usage.scenario" value="private" />

    <!-- If set to 1, the device configuration request must be signed by a shared secret (setup in hash.secret and in the Android app) 
         0 or empty value does not require request signature which is less secure -->
    <Parameter name="secure.enrollment" value="0"/>
    <!-- A shared secret between mobile app and control panel. 
         Don't change this unless you know what you're doing -->
    <Parameter name="hash.secret" value="changeme-C3z9vi54"/>
    <!-- If set to 1, Strict-Transport-Security (HSTS) is turned on -->
<!--    <Parameter name="strict.transport.security" value="${strict.transport.security}"/> -->

    <!-- If set to 1, the device will not be enrolled if a device with the same number
     was already enrolled. To enroll a device, delete it from the list and add back -->
<!--    <Parameter name="prevent.duplicate.enrollment" value="1"/> -->

    <!-- This directory is used to store files by plugins, must be accessible for tomcat user -->
    <Parameter name="plugins.files.directory" value="_BASE_DIRECTORY_/plugins"/>

    <!-- Configuration for logging plugin, do not change this -->
    <Parameter name="plugin.devicelog.persistence.config.class" value="com.hmdm.plugins.devicelog.persistence.postgres.DeviceLogPostgresPersistenceConfiguration"/>

    <!-- Don't change this -->
    <Parameter name="role.orgadmin.id" value="2"/>

    <!-- Swagger Docs UI location -->
    <Parameter name="swagger.host" value="_BASE_HOST_"/>
    <Parameter name="swagger.base.path" value="_BASE_PATH_/rest"/>

    <Parameter name="initialization.completion.signal.file" value="_INSTALL_FLAG_"/>

    <Parameter name="log4j.config" value="file://_BASE_DIRECTORY_/log4j-hmdm.xml"/>

    <Parameter name="aapt.command" value="aapt"/>

    <!-- MQTT notification service parameters -->
    <Parameter name="mqtt.server.uri" value="_BASE_DOMAIN_:31000"/>

    <!-- Optional tag for delaying MQTT messages in milliseconds
     to avoid congestion when all devices are updating configuration at the same time -->
    <!-- <Parameter name="mqtt.message.delay" value="100"/> -->

    <!-- Fast device search by last characters, here's the length -->
    <Parameter name="device.fast.search.chars" value="5"/>

    <!-- Optional tag for MQTT authentication for more security
         (supported by Headwind MDM launcher v5.05 and above) -->
    <Parameter name="mqtt.auth" value="1"/> 

    <!-- If you have any reverse proxies, specify them here (IP addresses, 
    comma-separated) for correct logging of IP addresses -->
    <!-- <Parameter name="proxy.addresses" value="192.168.1.101"/> -->

    <!-- Name of the HTTP header containing the device IP address.
    Defaults to X-Real-IP -->
    <!-- <Parameter name="proxy.ip.header" value="X-Forwarded-For"/> -->

    <!-- Email parameters are necessary for password recovery -->
    <Parameter name="smtp.host" value="_SMTP_HOST_"/>
    <Parameter name="smtp.port" value="_SMTP_PORT_"/>
    <Parameter name="smtp.ssl" value="_SMTP_SSL_"/>
    <Parameter name="smtp.starttls" value="_SMTP_STARTTLS_"/>
    <Parameter name="smtp.username" value="_SMTP_USERNAME_"/>
    <Parameter name="smtp.password" value="_SMTP_PASSWORD_"/>
    <Parameter name="smtp.from" value="_SMTP_FROM_"/>
    <!-- Uncomment this line if you get 'Could not convert socket to TLS' -->
    <!-- <Parameter name="smtp.ssl.protocols" value="TLSv1.2"/> -->

<!-- These are the customer email templates
     Email paths may contain _LANGUAGE_ replaced to a two-letter language
     The default language is en -->
    <Parameter name="email.recovery.subj" value="_BASE_DIRECTORY_/emails/_LANGUAGE_/recovery_subj.txt"/>
    <Parameter name="email.recovery.body" value="_BASE_DIRECTORY_/emails/_LANGUAGE_/recovery_body.txt"/>

    
    <!-- IP filters for devices and web panel UI users, comma-separated networks or single IPs -->
<!--    <Parameter name="device.allowed.address" value='192.168.0.0/16,10.0.0.0/24'/>
    <Parameter name="ui.allowed.address" value='192.168.0.0/16,10.0.0.0/24,213.11.0.3'/> -->
    <!-- If the URL of an APK starts with this URL, the existing APK hash 
         will not be not changed. 
         This is important for deployment on the LAN -->
    <Parameter name="apk.trusted.url" value="https://h-mdm.com"/>

</Context>
