<?xml version="1.0" encoding="UTF-8"?>
<!--
  ~
  ~ Headwind MDM: Open Source Android MDM Software
  ~ https://h-mdm.com
  ~
  ~ Copyright (C) 2019 Headwind Solutions LLC (http://h-sms.com)
  ~
  ~ Licensed under the Apache License, Version 2.0 (the "License");
  ~ you may not use this file except in compliance with the License.
  ~ You may obtain a copy of the License at
  ~
  ~       http://www.apache.org/licenses/LICENSE-2.0
  ~
  ~ Unless required by applicable law or agreed to in writing, software
  ~ distributed under the License is distributed on an "AS IS" BASIS,
  ~ WITHOUT WARRANTIES OR CONDITIONS OF ANY KIND, either express or implied.
  ~ See the License for the specific language governing permissions and
  ~ limitations under the License.
  ~
  -->

<!DOCTYPE log4j:configuration SYSTEM "log4j.dtd">
<log4j:configuration xmlns:log4j="http://jakarta.apache.org/log4j/" debug="false">

    <appender name="stdout" class="org.apache.log4j.ConsoleAppender">
        <layout class="org.apache.log4j.PatternLayout">
            <param name="ConversionPattern" value="%d{yyyy-MM-dd HH:mm:ss} [%p] %-10c : %m%n"/>
        </layout>
    </appender>

    <appender name="main-log-file" class="org.apache.log4j.DailyRollingFileAppender">
        <param name="file" value="_BASE_DIRECTORY_/logs/hmdm.log"/>
        <layout class="org.apache.log4j.PatternLayout">
            <param name="ConversionPattern" value="%d{yyyy.MM.dd HH:mm:ss,SSS} %-5p  %m%n"/>
        </layout>
    </appender>

    <appender name="audit-file" class="org.apache.log4j.DailyRollingFileAppender">
        <param name="file" value="_BASE_DIRECTORY_/logs/audit.log"/>
        <layout class="org.apache.log4j.PatternLayout">
            <param name="ConversionPattern" value="%d{yyyy.MM.dd HH:mm:ss,SSS} %-5p  %m%n"/>
        </layout>
    </appender>


    <logger name="AuditLogger" additivity="false">
        <level value="DEBUG"/>
        <appender-ref ref="audit-file"/>
    </logger>

    <!-- Suppress 'Stealing link for clientId ...' warnings -->
    <logger name="org.apache.activemq.broker.region.RegionBroker">
        <level value="ERROR"/>
    </logger>

    <root>
        <level value="INFO"/>
        <appender-ref ref="stdout"/>
        <appender-ref ref="main-log-file"/>
    </root>

</log4j:configuration>
